,Industry,job_title,company_name,short_description
0,Construction,Civil Labourer,Downer,We are currently looking for a Civil Labourer with machine operator experience to join our team and assist in the delivery of road...
1,Construction,Construction Manager - South,Plunkett Homes,We are looking for a Construction Manager (South) to join our Metro Construction Team. We offer a great working environment where many of...
2,Construction,Construction Labourers,Bridge Resources Pty Ltd,"If you’re interested in this role and joining Bridge Resources, or would like more information, click Apply Now or call 1300 BRIDGE. We..."
3,Construction,Site Supervisor NORTH (Residential),Shelford Constructions,"Due to unprecedented growth in the residential construction sector, Shelford is offering an outstanding opportunity for an experienced..."
4,Construction,Civil Labourer,AtlamGroup,Protech are currently looking for experienced Civil labourers for work on various projects around Perth. About the Role• Ongoing work...
5,Construction,Construction Consultant,BGC Australia,"Reporting to the Construction Administration Manager, your main priority is to act as the interface between the clients (be their first..."
6,Construction,Utility - Office and Construction Cleaning,Ventia,Ventia are proud to be offering village services and facilities management at Kathleen Valley Village in WA. This camp facility is...
7,Construction,Labourers | Trade Assistants,Randstad,"LOCATION: Butler, Welshpool, Cardup, Bayswater, Middle Swan, Gnangara HOURS: Monday - Friday - (Overtime available) DURATION: Long term /..."
8,Construction,Construction Site Supervisor / Site Manager - Southern Suburbs,Summit Homes Group,"A rare opportunity for a talented Construction Supervisor / Site Manager to join our values-based, empowering, professional and highly..."
9,Construction,Carpenter/All Rounder/Handyman,Trayd Australia,We are currently seeking an experienced and trade qualified Carpenter/All Rounder/Handyman to join our team. Due to our heavy work load...
10,Engineering,GRADUATE ENGINEER,SapuraEnergy Australia Pty Ltd,"This is a great opportunity to join our Project Team and build a variety of skills and knowledge for a long term career. In this role,..."
11,Engineering,Mechanical Engineer,Sedgman,Sedgman is looking for suitably qualified and experienced Material Handling Engineers for Permanent positions to join our Team in...
12,Engineering,Graduate Rotating Mechanical Engineer,Yara,Looking for an exciting new challenge? Yara are seeking applications for their 3 year fixed-term role of Graduate Mechanical Rotating...
13,Engineering,Mid-year 2023 Engineering Graduate intake,Technip Energies,"If you share our determination to drive the transition to a low-carbon future, then this could be the job for you. We are currently..."
14,Engineering,Project Engineering Superintendent,Glencore,The successful person will become a member of a hardworking and committed team who are responsible for providing leadership to the site...
15,Engineering,Graduate Engineer,Design & Build Recruitment,"Due to winning new projects across Perth, my client has an opportunity for a graduate engineer to join the team at their Welshpool..."
16,Engineering,Mechanical Engineer,Santos,"Reporting to the Team Leader Reliability, this position will provide mechanical engineering discipline support for WA Midstream assets,..."
17,Engineering,Mechanical Engineer,Fortescue Metals Group,Highly proficient in Solidworks for mechanical and electrical designs. Incredible attention to detail when producing and reviewing...
18,Engineering,Mechanical Engineer,Technical Resources,This position will suit a junior to mid level experienced engineer with a passion for working on water projects. You will have experience...
19,Engineering,Project Engineer,Metso Outotec,Metso Outotec would like a qualified Project Engineer to join our West Perth based Project Delivery team. THE ROLE Will provide technical...
20,Healthcare-Medical,Director Public Health Medicine,WA Health,We are seeking to appoint a Director Public Health Medicine who will provide clinical leadership for WA Country Health Service (WACHS)...
21,Healthcare-Medical,Regional Practice Manager,Ramsay Psychology,"Ramsay Psychology, together with Ramsay Health Plus are looking for a dynamic Regional Practice Manager to join us on a permanent basis..."
22,Healthcare-Medical,Public Health Nutrition Coordinator,Agency : East Metropolitan Health Service,"We wholly embrace diversity and inclusion and encourage people to work with us from all ages, races, genders, religions, sexual..."
23,Healthcare-Medical,RN's Needed For Alice Springs ASAP Starts,Healthcare Australia,Health Care Australia is looking for talented health care professionals for Alice Springs for ASAP starts and beyond. Nestled in the...
24,Healthcare-Medical,Staff development midwife,Joondalup Health Campus,"As a Staff Development Midwife, you will work in partnership with the health care team and be responsible for assessing learning needs,..."
25,Healthcare-Medical,Clinical Nurse - Shift Coordinator,St John of God Health Care,We are seeking experienced Clinical Nurses to join the HAH Perth leadership team. You will be required to coordinate the day to day...
26,Healthcare-Medical,Underground ESO Role FIFO,AtlamGroup,"Location: Perth All Perth Work Type: Full Time Salary: $140,000 to $173,000 Permanent Position 8/6 Roster FIFO Perth GOLD Commodity..."
27,Healthcare-Medical,Registered Nurse - RN,Techforce Personnel,We are looking for dedicated Registered nurses to join our team for a Perth based roles. Providing nursing care to the elderly in...
28,Healthcare-Medical,Registered Nurse - RN,Techforce Personnel,We are looking for dedicated Registered nurses to join our team for a Perth based roles. Providing nursing care to the elderly in...
29,Healthcare-Medical,Registered Midwife,St John of God Health Care,You will also be provided with specialised Midwifery educators that will work alongside you in all areas of the unit. You will also work...
30,Sales,Territory Sales Manager,Nestle,Reporting into the State Field Sales Manager You will be given the room to build your own effective relationships as well as support from...
31,Sales,Territory Sales Manager - WA,Nestle,"At Nestlé, you will work in a supportive environment where your ideas and points of view will be championed by a collaborative team...."
32,Sales,Sales Representative,Superior People Recruitment,"Our client is a market leader within the steam, condensate and hot water industries, and are now seeking a Sales Representative, who will..."
33,Sales,Area Sales Manager - WA,Cutera,"CUTERA Australia and New Zealand is looking for an Area Sales Manager for Western Australia. We are growing quickly, and we’d love you to..."
34,Sales,Sales Consultant,Employsure,You will be provided all the necessary tools and training that you need to be successful in the role and help us continue to further...
35,Sales,ENTRY LEVEL SALES REPRESENTATIVE (No Experience Necessary!),Forner Group Marketing,"We work for businesses and organisations that don't have their inter sales and marketing teams. We sell the products, so they don't have..."
36,Sales,Sales Representative - Western Australia,Verbrec,The Sales Representative will be responsible for driving the growth of the division by identifying and generating new business...
37,Sales,Entry Level Sales Roles Available - Immediate Starts,seek.com.au,"If so, you could be exactly what our client is looking for! They are a one of a kind Sales and Marketing company who have recently..."
38,Sales,Immediate Start -PERTH ONLY! No Experience Necessary- $900- $1500 Per Week,The Green Army,We are currently expanding our PERTH PROMOTIONS TEAM and need up to 4 more energetic and passionate new team players for an IMMEDIATE...
39,Sales,Territory Manager,Euro Auctions,Major growth in the UK market has led to an immediate vacancy for a Territory Manager in the AU. We are searching for someone located in...
